alkes,Abocath No.26,,40000,,,1,,,,2019-01-01,00:00:00,2019-12-31,23:59:00
alkes,Abocath/ Venflont No.18,,30000,,,2,,,,2019-01-01,00:00:00,2019-12-31,23:59:00
alkes,Abocath/ Venflont No.20,,30000,,,3,,,,2019-01-01,00:00:00,2019-12-31,23:59:00
alkes,Abocath/ Venflont No.22,,30000,,,4,,,,2019-01-01,00:00:00,2019-12-31,23:59:00
alkes,Abocath/ Venflont No.24,,30000,,,5,,,,2019-01-01,00:00:00,2019-12-31,23:59:00
obat,Acran 150mg,,6800,,,6,,,,2019-01-01,00:00:00,2019-12-31,23:59:00
obat,Acran Inj,,28700,,,7,,,,2019-01-01,00:00:00,2019-12-31,23:59:00
obat,Acyclovir,,4500,,,8,,,,2019-01-01,00:00:00,2019-12-31,23:59:00
obat,Acyclovir 200mg,,800,,,9,,,,2019-01-01,00:00:00,2019-12-31,23:59:00
obat,Acyclovir 400mg,,1000,,,10,,,,2019-01-01,00:00:00,2019-12-31,23:59:00
obat,Acyclovir salep,,4900,,,11,,,,2019-01-01,00:00:00,2019-12-31,23:59:00
obat,Adalat 10mg,,3500,,,12,,,,2019-01-01,00:00:00,2019-12-31,23:59:00
obat,Adalat 5mg,,2300,,,13,,,,2019-01-01,00:00:00,2019-12-31,23:59:00
obat,Aguabidest 1Liter,,21600,,,14,,,,2019-01-01,00:00:00,2019-12-31,23:59:00
obat,Albendazole,,,,,15,,,,2019-01-01,00:00:00,2019-12-31,23:59:00
obat,Albothyl Ovula,,24600,,,16,,,,2019-01-01,00:00:00,2019-12-31,23:59:00
obat,Alco,,50000,,,17,,,,2019-01-01,00:00:00,2019-12-31,23:59:00
obat,Alco Plus DMP syrp,,53500,,,18,,,,2019-01-01,00:00:00,2019-12-31,23:59:00
obat,Alco Plus syrp,,55000,,,19,,,,2019-01-01,00:00:00,2019-12-31,23:59:00
bmhp,Alcohol 70% 1lt,,25500,,,20,,,,2019-01-01,00:00:00,2019-12-31,23:59:00
bmhp,Alcohol 70% 100ml,,10000,,,21,,,,2019-01-01,00:00:00,2019-12-31,23:59:00
bmhp,Alcohol swapp,,450,,,22,,,,2019-01-01,00:00:00,2019-12-31,23:59:00
obat,Aldisa SR tab,,5500,,,23,,,,2019-01-01,00:00:00,2019-12-31,23:59:00
obat,Alerfed,,1800,,,24,,,,2019-01-01,00:00:00,2019-12-31,23:59:00
obat,Alinamin F,,20000,,,25,,,,2019-01-01,00:00:00,2019-12-31,23:59:00
bmhp,Alkohol,,30000,,,26,,,,2019-01-01,00:00:00,2019-12-31,23:59:00
obat,Alloris 10mg,,6200,,,27,,,,2019-01-01,00:00:00,2019-12-31,23:59:00
obat,Allupurinol 100mg,,300,,,28,,,,2019-01-01,00:00:00,2019-12-31,23:59:00
obat,Alprazolam,,1000,,,29,,,,2019-01-01,00:00:00,2019-12-31,23:59:00
obat,Ambeven,,2000,,,30,,,,2019-01-01,00:00:00,2019-12-31,23:59:00
obat,Ambroxol syrp,,5100,,,31,,,,2019-01-01,00:00:00,2019-12-31,23:59:00
obat,Ambroxol tab,,300,,,32,,,,2019-01-01,00:00:00,2019-12-31,23:59:00
obat,Aminifilin 25mg,,200,,,33,,,,2019-01-01,00:00:00,2019-12-31,23:59:00
obat,Aminofluid infus,,173500,,,34,,,,2019-01-01,00:00:00,2019-12-31,23:59:00
obat,Aminophyline tab,,500,,,35,,,,2019-01-01,00:00:00,2019-12-31,23:59:00
obat,Aminphilin inj,,4400,,,36,,,,2019-01-01,00:00:00,2019-12-31,23:59:00
obat,Amlodipine 10mg,,2300,,,37,,,,2019-01-01,00:00:00,2019-12-31,23:59:00
obat,Amlodipine 5mg,,1300,,,38,,,,2019-01-01,00:00:00,2019-12-31,23:59:00
obat,Amoxan drop,,30800,,,39,,,,2019-01-01,00:00:00,2019-12-31,23:59:00
obat,Amoxicillin 500 mg tab,,600,,,40,,,,2019-01-01,00:00:00,2019-12-31,23:59:00
obat,Amoxicillin syrp,,7400,,,41,,,,2019-01-01,00:00:00,2019-12-31,23:59:00
obat,Amoxsan 100mg/1ml,,30800,,,42,,,,2019-01-01,00:00:00,2019-12-31,23:59:00
obat,Amoxsan 125mg/5ml,,30800,,,43,,,,2019-01-01,00:00:00,2019-12-31,23:59:00
obat,Amoxsan 1gr,,28000,,,44,,,,2019-01-01,00:00:00,2019-12-31,23:59:00
obat,Amoxsan 1gr inj,,40000,,,45,,,,2019-01-01,00:00:00,2019-12-31,23:59:00
obat,Amoxsan 250mg,,2500,,,46,,,,2019-01-01,00:00:00,2019-12-31,23:59:00
obat,Amoxsan 500mg,,4700,,,47,,,,2019-01-01,00:00:00,2019-12-31,23:59:00
obat,Amoxsan Forte syrp,,43900,,,48,,,,2019-01-01,00:00:00,2019-12-31,23:59:00
obat,Ampicilin inj,,11900,,,49,,,,2019-01-01,00:00:00,2019-12-31,23:59:00
obat,Analtram,,9000,,,50,,,,2019-01-01,00:00:00,2019-12-31,23:59:00
obat,Anasjec,,30000,,,51,,,,2019-01-01,00:00:00,2019-12-31,23:59:00
obat,Anbacim,,103000,,,52,,,,2019-01-01,00:00:00,2019-12-31,23:59:00
obat,Anpiride 2mg,,5200,,,53,,,,2019-01-01,00:00:00,2019-12-31,23:59:00
obat,Antalgin 500mg,,,,,54,,,,2019-01-01,00:00:00,2019-12-31,23:59:00
obat,Antasida doen tab,,300,,,55,,,,2019-01-01,00:00:00,2019-12-31,23:59:00
obat,Antasida syrp,,8000,,,56,,,,2019-01-01,00:00:00,2019-12-31,23:59:00
obat,Antimo,,500,,,57,,,,2019-01-01,00:00:00,2019-12-31,23:59:00
obat,Anvomer B6 tab,,3600,,,58,,,,2019-01-01,00:00:00,2019-12-31,23:59:00
obat,Apialys drop 10mg,,49000,,,59,,,,2019-01-01,00:00:00,2019-12-31,23:59:00
obat,Apialys syrup 100ml,,40900,,,60,,,,2019-01-01,00:00:00,2019-12-31,23:59:00
bmhp,Aquadest + Anasjec,,75000,,,61,,,,2019-01-01,00:00:00,2019-12-31,23:59:00
bmhp,Aquadest B,,7500,,,62,,,,2019-01-01,00:00:00,2019-12-31,23:59:00
obat,Asam Mefenamat 500mg,,300,,,63,,,,2019-01-01,00:00:00,2019-12-31,23:59:00
obat,Asam Traneksamat 100mg cap,,2000,,,64,,,,2019-01-01,00:00:00,2019-12-31,23:59:00
obat,Asam Traneksamat 500mg inj,,7800,,,65,,,,2019-01-01,00:00:00,2019-12-31,23:59:00
obat,Aseptan,,,,,66,,,,2019-01-01,00:00:00,2019-12-31,23:59:00
obat,Asering,,37000,,,67,,,,2019-01-01,00:00:00,2019-12-31,23:59:00
obat,Aspilets,,650,,,68,,,,2019-01-01,00:00:00,2019-12-31,23:59:00
obat,Astharol 4mg tab,,3000,,,69,,,,2019-01-01,00:00:00,2019-12-31,23:59:00
alkes,Asucryl 1,,170000,,,70,,,,2019-01-01,00:00:00,2019-12-31,23:59:00
alkes,Asucryl 2/0,,170000,,,71,,,,2019-01-01,00:00:00,2019-12-31,23:59:00
alkes,Asucryl 3/0,,170000,,,72,,,,2019-01-01,00:00:00,2019-12-31,23:59:00
obat,Ataroc syrup,,66900,,,73,,,,2019-01-01,00:00:00,2019-12-31,23:59:00
obat,Ataroc tab,,3000,,,74,,,,2019-01-01,00:00:00,2019-12-31,23:59:00
obat,Atropine inj,,2700,,,75,,,,2019-01-01,00:00:00,2019-12-31,23:59:00
obat,Atropine Sulfas (SA) Tab,,3200,,,76,,,,2019-01-01,00:00:00,2019-12-31,23:59:00
obat,Azytromychine syrp,,80800,,,77,,,,2019-01-01,00:00:00,2019-12-31,23:59:00
bmhp,Baby cought,,4500,,,78,,,,2019-01-01,00:00:00,2019-12-31,23:59:00
obat,Bactrobran zalf,,74000,,,79,,,,2019-01-01,00:00:00,2019-12-31,23:59:00
obat,Baquinor Forte tab,,18800,,,80,,,,2019-01-01,00:00:00,2019-12-31,23:59:00
obat,Becom C,,1900,,,81,,,,2019-01-01,00:00:00,2019-12-31,23:59:00
bmhp,Benang Roll,,30000,,,82,,,,2019-01-01,00:00:00,2019-12-31,23:59:00
obat,Betablok 100mg,,3100,,,83,,,,2019-01-01,00:00:00,2019-12-31,23:59:00
bmhp,Betadine 1000ml,,87300,,,84,,,,2019-01-01,00:00:00,2019-12-31,23:59:00
bmhp,Betadine 190ml,,,,,85,,,,2019-01-01,00:00:00,2019-12-31,23:59:00
bmhp,Betadine Feminine,,22000,,,86,,,,2019-01-01,00:00:00,2019-12-31,23:59:00
bmhp,Betadine Gargle 100ml,,14200,,,87,,,,2019-01-01,00:00:00,2019-12-31,23:59:00
bmhp,Betadine Gargle 190ml,,24000,,,88,,,,2019-01-01,00:00:00,2019-12-31,23:59:00
bmhp,Betadine solution,,13300,,,89,,,,2019-01-01,00:00:00,2019-12-31,23:59:00
bmhp,Betadine solution 30ml,,23400,,,90,,,,2019-01-01,00:00:00,2019-12-31,23:59:00
obat,Betahistine tAb,,1300,,,91,,,,2019-01-01,00:00:00,2019-12-31,23:59:00
obat,Betametason cream,,2800,,,92,,,,2019-01-01,00:00:00,2019-12-31,23:59:00
obat,Betasone cream,,12000,,,93,,,,2019-01-01,00:00:00,2019-12-31,23:59:00
obat,Betasone N cream,,16500,,,94,,,,2019-01-01,00:00:00,2019-12-31,23:59:00
obat,Biocream,,23000,,,95,,,,2019-01-01,00:00:00,2019-12-31,23:59:00
obat,Bioplacenton,,20100,,,96,,,,2019-01-01,00:00:00,2019-12-31,23:59:00
obat,Biosan,,16300,,,97,,,,2019-01-01,00:00:00,2019-12-31,23:59:00
obat,Biosanbe,,1400,,,98,,,,2019-01-01,00:00:00,2019-12-31,23:59:00
obat,Biostrum,,59000,,,99,,,,2019-01-01,00:00:00,2019-12-31,23:59:00
obat,Biothicol 500mg,,5026,,,100,,,,2019-01-01,00:00:00,2019-12-31,23:59:00
obat,Biothicol Syr,,,,,101,,,,2019-01-01,00:00:00,2019-12-31,23:59:00
obat,Bioticol F syr,,77600,,,102,,,,2019-01-01,00:00:00,2019-12-31,23:59:00
obat,Bisolvon,,2500,,,103,,,,2019-01-01,00:00:00,2019-12-31,23:59:00
obat,Bisolvon Eliksir 60ml,,95000,,,104,,,,2019-01-01,00:00:00,2019-12-31,23:59:00
obat,Bisolvon Larutan 50ml,,91900,,,105,,,,2019-01-01,00:00:00,2019-12-31,23:59:00
obat,Bisolvon Solution,,111600,,,106,,,,2019-01-01,00:00:00,2019-12-31,23:59:00
obat,Bisoprolol tab,,300,,,107,,,,2019-01-01,00:00:00,2019-12-31,23:59:00
alkes,Bisturi No. 10,,7500,,,108,,,,2019-01-01,00:00:00,2019-12-31,23:59:00
alkes,Bisturi No. 11,,7500,,,109,,,,2019-01-01,00:00:00,2019-12-31,23:59:00
alkes,Bisturi No. 12,,7500,,,110,,,,2019-01-01,00:00:00,2019-12-31,23:59:00
alkes,Bisturi No. 2,,7500,,,111,,,,2019-01-01,00:00:00,2019-12-31,23:59:00
alkes,Bisturi No. 20,,15000,,,112,,,,2019-01-01,00:00:00,2019-12-31,23:59:00
alkes,Bisturi No. 21,,7500,,,113,,,,2019-01-01,00:00:00,2019-12-31,23:59:00
alkes,Bledstop inj,,10200,,,114,,,,2019-01-01,00:00:00,2019-12-31,23:59:00
obat,Bledstop tab,,800,,,115,,,,2019-01-01,00:00:00,2019-12-31,23:59:00
alkes,Bloodset,,35000,,,116,,,,2019-01-01,00:00:00,2019-12-31,23:59:00
alkes,Bocal Urine,,1000,,,117,,,,2019-01-01,00:00:00,2019-12-31,23:59:00
alkes,Botol susu,,28000,,,118,,,,2019-01-01,00:00:00,2019-12-31,23:59:00
obat,Braxidin tab,,1200,,,119,,,,2019-01-01,00:00:00,2019-12-31,23:59:00
alkes,Breathy nasal,,26000,,,120,,,,2019-01-01,00:00:00,2019-12-31,23:59:00
obat,Bricasma,,23500,,,121,,,,2019-01-01,00:00:00,2019-12-31,23:59:00
obat,Bufect 200 mg,,1000,,,122,,,,2019-01-01,00:00:00,2019-12-31,23:59:00
obat,Bufect Forte syr,,29000,,,123,,,,2019-01-01,00:00:00,2019-12-31,23:59:00
obat,Bufect syr,,20000,,,124,,,,2019-01-01,00:00:00,2019-12-31,23:59:00
obat,Buscopan 10mg,,3600,,,125,,,,2019-01-01,00:00:00,2019-12-31,23:59:00
obat,Buscopan Inj,,48900,,,126,,,,2019-01-01,00:00:00,2019-12-31,23:59:00
obat,Buscopan Plus tab,,5300,,,127,,,,2019-01-01,00:00:00,2019-12-31,23:59:00
obat,Bye-Bye Fever Anak,,11800,,,128,,,,2019-01-01,00:00:00,2019-12-31,23:59:00
obat,Bye-Bye Fever Baby,,7500,,,129,,,,2019-01-01,00:00:00,2019-12-31,23:59:00
obat,Cal-95,,7900,,,130,,,,2019-01-01,00:00:00,2019-12-31,23:59:00
obat,Caladine Lotion 60ml,,12500,,,131,,,,2019-01-01,00:00:00,2019-12-31,23:59:00
obat,Caladine powder bedak,,10900,,,132,,,,2019-01-01,00:00:00,2019-12-31,23:59:00
obat,Caladine Solution,,15300,,,133,,,,2019-01-01,00:00:00,2019-12-31,23:59:00
obat,Calcium Gluconas Inj,,20300,,,134,,,,2019-01-01,00:00:00,2019-12-31,23:59:00
obat,Calcium lactat,,200,,,135,,,,2019-01-01,00:00:00,2019-12-31,23:59:00
obat,Calvit-D,,1900,,,136,,,,2019-01-01,00:00:00,2019-12-31,23:59:00
obat,Canesten Sd sup,,158800,,,137,,,,2019-01-01,00:00:00,2019-12-31,23:59:00
obat,"Captopril 12,5mg",,200,,,138,,,,2019-01-01,00:00:00,2019-12-31,23:59:00
obat,Captopril 25mg,,200,,,139,,,,2019-01-01,00:00:00,2019-12-31,23:59:00
obat,Cardisan 10mg,,14200,,,140,,,,2019-01-01,00:00:00,2019-12-31,23:59:00
obat,Cardisan 5mg,,8000,,,141,,,,2019-01-01,00:00:00,2019-12-31,23:59:00
obat,Cataflam 25mg,,3100,,,142,,,,2019-01-01,00:00:00,2019-12-31,23:59:00
obat,Cataflam 50mg,,7500,,,143,,,,2019-01-01,00:00:00,2019-12-31,23:59:00
obat,Catapres inj,,75000,,,144,,,,2019-01-01,00:00:00,2019-12-31,23:59:00
obat,Cateter no.16,,55000,,,145,,,,2019-01-01,00:00:00,2019-12-31,23:59:00
obat,Catgut 2/0,,95000,,,146,,,,2019-01-01,00:00:00,2019-12-31,23:59:00
obat,Catgut 3/0,,120000,,,147,,,,2019-01-01,00:00:00,2019-12-31,23:59:00
obat,CDR,,44600,,,148,,,,2019-01-01,00:00:00,2019-12-31,23:59:00
obat,Cedocard 5mg,,1500,,,149,,,,2019-01-01,00:00:00,2019-12-31,23:59:00
obat,Cefadroxil 500mg,,1250,,,150,,,,2019-01-01,00:00:00,2019-12-31,23:59:00
obat,Cefadroxyl syr 125mg,,11000,,,151,,,,2019-01-01,00:00:00,2019-12-31,23:59:00
obat,Cefat 125mg/5ml,,59000,,,152,,,,2019-01-01,00:00:00,2019-12-31,23:59:00
obat,Cefat 500mg,,14400,,,153,,,,2019-01-01,00:00:00,2019-12-31,23:59:00
obat,Cefat Forte syr,,101500,,,154,,,,2019-01-01,00:00:00,2019-12-31,23:59:00
obat,Cefat syr,,60500,,,155,,,,2019-01-01,00:00:00,2019-12-31,23:59:00
obat,Cefatdroxil forte 250mg syr,,23300,,,156,,,,2019-01-01,00:00:00,2019-12-31,23:59:00
obat,Cefixime 100mg,,3500,,,157,,,,2019-01-01,00:00:00,2019-12-31,23:59:00
obat,Cefixime 200mg,,5500,,,158,,,,2019-01-01,00:00:00,2019-12-31,23:59:00
obat,Cefixime D.S,,40900,,,159,,,,2019-01-01,00:00:00,2019-12-31,23:59:00
obat,Cefixime syr,,40900,,,160,,,,2019-01-01,00:00:00,2019-12-31,23:59:00
obat,Cefotaxime,,25000,,,161,,,,2019-01-01,00:00:00,2019-12-31,23:59:00
obat,Cefotaxime 1gr Inj,,12700,,,162,,,,2019-01-01,00:00:00,2019-12-31,23:59:00
obat,Cefovell,,150000,,,163,,,,2019-01-01,00:00:00,2019-12-31,23:59:00
obat,Cefriex 1gr,,200000,,,164,,,,2019-01-01,00:00:00,2019-12-31,23:59:00
obat,Ceftriaxone ,,16200,,,165,,,,2019-01-01,00:00:00,2019-12-31,23:59:00
obat,Ceftriaxone 1gr Inj,,16200,,,166,,,,2019-01-01,00:00:00,2019-12-31,23:59:00
obat,Cencoxytrol eye drop,,40000,,,167,,,,2019-01-01,00:00:00,2019-12-31,23:59:00
obat,Cendo Carpine,,20500,,,168,,,,2019-01-01,00:00:00,2019-12-31,23:59:00
obat,Cendo Catarlent,,26000,,,169,,,,2019-01-01,00:00:00,2019-12-31,23:59:00
obat,"Cendo Fenicol 0,5%",,35000,,,170,,,,2019-01-01,00:00:00,2019-12-31,23:59:00
obat,Cendo Xitrol,,38500,,,171,,,,2019-01-01,00:00:00,2019-12-31,23:59:00
obat,Cendo Xitrol Eye Zalf,,50600,,,172,,,,2019-01-01,00:00:00,2019-12-31,23:59:00
obat,Cendoxytrol eye ointment ,,44500,,,173,,,,2019-01-01,00:00:00,2019-12-31,23:59:00
obat,Ceptik syr,,121800,,,174,,,,2019-01-01,00:00:00,2019-12-31,23:59:00
obat,Ceptil 100mg,,26700,,,175,,,,2019-01-01,00:00:00,2019-12-31,23:59:00
obat,Ceptil 200mg,,33000,,,176,,,,2019-01-01,00:00:00,2019-12-31,23:59:00
obat,Cerini 10mg tab,,5000,,,177,,,,2019-01-01,00:00:00,2019-12-31,23:59:00
obat,Cerini drop,,84700,,,178,,,,2019-01-01,00:00:00,2019-12-31,23:59:00
obat,Cerini Syr,,54700,,,179,,,,2019-01-01,00:00:00,2019-12-31,23:59:00
obat,Cetirizine 10mg tab,,500,,,180,,,,2019-01-01,00:00:00,2019-12-31,23:59:00
obat,Cetirizine drop,,27500,,,181,,,,2019-01-01,00:00:00,2019-12-31,23:59:00
obat,Chloramphenicol 250mg,,700,,,182,,,,2019-01-01,00:00:00,2019-12-31,23:59:00
obat,Chloroquine,,300,,,183,,,,2019-01-01,00:00:00,2019-12-31,23:59:00
obat,Cholestat 10mg,,4500,,,184,,,,2019-01-01,00:00:00,2019-12-31,23:59:00
obat,Chromic 2/0,,,,,185,,,,2019-01-01,00:00:00,2019-12-31,23:59:00
obat,Chromic 3/0,,,,,186,,,,2019-01-01,00:00:00,2019-12-31,23:59:00
obat,Ciflon,,7300,,,187,,,,2019-01-01,00:00:00,2019-12-31,23:59:00
obat,Cinam inj,,201900,,,188,,,,2019-01-01,00:00:00,2019-12-31,23:59:00
obat,Ciprofloxacin 500mg,,900,,,189,,,,2019-01-01,00:00:00,2019-12-31,23:59:00
obat,Citotex Tab,,30000,,,190,,,,2019-01-01,00:00:00,2019-12-31,23:59:00
obat,Clamine,,15300,,,191,,,,2019-01-01,00:00:00,2019-12-31,23:59:00
obat,Clanexi 500mg,,16200,,,192,,,,2019-01-01,00:00:00,2019-12-31,23:59:00
obat,Clanexi Forte,,92400,,,193,,,,2019-01-01,00:00:00,2019-12-31,23:59:00
obat,Clanexi Syr,,72500,,,194,,,,2019-01-01,00:00:00,2019-12-31,23:59:00
obat,Clindamycin 30mg,,1900,,,195,,,,2019-01-01,00:00:00,2019-12-31,23:59:00
obat,Clonidin,,300,,,196,,,,2019-01-01,00:00:00,2019-12-31,23:59:00
obat,Clopramel Inj,,20000,,,197,,,,2019-01-01,00:00:00,2019-12-31,23:59:00
obat,Codein 10mg tab,,1000,,,198,,,,2019-01-01,00:00:00,2019-12-31,23:59:00
obat,Colcansetine Inj,,20000,,,199,,,,2019-01-01,00:00:00,2019-12-31,23:59:00
obat,Colistine tab,,8400,,,200,,,,2019-01-01,00:00:00,2019-12-31,23:59:00
obat,Colme,,19000,,,201,,,,2019-01-01,00:00:00,2019-12-31,23:59:00
obat,Colsancetine 250mg,,800,,,202,,,,2019-01-01,00:00:00,2019-12-31,23:59:00
obat,Colsancetine Inj,,7722,,,203,,,,2019-01-01,00:00:00,2019-12-31,23:59:00
obat,Colsansetin syr,,14500,,,204,,,,2019-01-01,00:00:00,2019-12-31,23:59:00
obat,Combantrin,,16000,,,205,,,,2019-01-01,00:00:00,2019-12-31,23:59:00
obat,Combivent,,20200,,,206,,,,2019-01-01,00:00:00,2019-12-31,23:59:00
obat,Comtusi,,32500,,,207,,,,2019-01-01,00:00:00,2019-12-31,23:59:00
obat,Coparcetin syr,,14500,,,208,,,,2019-01-01,00:00:00,2019-12-31,23:59:00
obat,Cortamine syr,,63900,,,209,,,,2019-01-01,00:00:00,2019-12-31,23:59:00
obat,"Cortidex 0,5mg tab",,400,,,210,,,,2019-01-01,00:00:00,2019-12-31,23:59:00
obat,Cortidex Inj,,8400,,,211,,,,2019-01-01,00:00:00,2019-12-31,23:59:00
obat,Cotrimoksazole syr,,7400,,,212,,,,2019-01-01,00:00:00,2019-12-31,23:59:00
obat,Cotrimoxazole tab,,400,,,213,,,,2019-01-01,00:00:00,2019-12-31,23:59:00
obat,CTG,,45000,,,214,,,,2019-01-01,00:00:00,2019-12-31,23:59:00
obat,CTM 4mg,,200,,,215,,,,2019-01-01,00:00:00,2019-12-31,23:59:00
obat,Curcuma tab,,1300,,,216,,,,2019-01-01,00:00:00,2019-12-31,23:59:00
obat,Curvit syr,,32000,,,217,,,,2019-01-01,00:00:00,2019-12-31,23:59:00
alkes,Cutgut 1/0,,100500,,,218,,,,2019-01-01,00:00:00,2019-12-31,23:59:00
alkes,Cutgut 3/0,,100500,,,219,,,,2019-01-01,00:00:00,2019-12-31,23:59:00
obat,Cyclo  ,,12500,,,220,,,,2019-01-01,00:00:00,2019-12-31,23:59:00
obat,Cyclo Progynova,,138000,,,221,,,,2019-01-01,00:00:00,2019-12-31,23:59:00
obat,Cygest 400 Supp,,32670,,,222,,,,2019-01-01,00:00:00,2019-12-31,23:59:00
obat,Damaben 10mg tab,,700,,,223,,,,2019-01-01,00:00:00,2019-12-31,23:59:00
obat,Damaben Inj,,10900,,,224,,,,2019-01-01,00:00:00,2019-12-31,23:59:00
obat,Danalgin,,2000,,,225,,,,2019-01-01,00:00:00,2019-12-31,23:59:00
obat,Decadryl inj,,9500,,,226,,,,2019-01-01,00:00:00,2019-12-31,23:59:00
obat,Decain Spinal,,79000,,,227,,,,2019-01-01,00:00:00,2019-12-31,23:59:00
obat,Dehidralyt,,22300,,,228,,,,2019-01-01,00:00:00,2019-12-31,23:59:00
obat,Depo 3 Bulan,,10500,,,229,,,,2019-01-01,00:00:00,2019-12-31,23:59:00
obat,Dex 5% 100cc,,20000,,,230,,,,2019-01-01,00:00:00,2019-12-31,23:59:00
obat,Dex 5% 500cc,,30000,,,231,,,,2019-01-01,00:00:00,2019-12-31,23:59:00
obat,Dexamethason inj,,3400,,,232,,,,2019-01-01,00:00:00,2019-12-31,23:59:00
obat,Dexamethasone 0.5mg tab,,300,,,233,,,,2019-01-01,00:00:00,2019-12-31,23:59:00
obat,Dextamine,,2500,,,234,,,,2019-01-01,00:00:00,2019-12-31,23:59:00
obat,Dextrose 10%,,20201,,,235,,,,2019-01-01,00:00:00,2019-12-31,23:59:00
obat,Diane 35,,129300,,,236,,,,2019-01-01,00:00:00,2019-12-31,23:59:00
obat,Diazepam 2mg,,200,,,237,,,,2019-01-01,00:00:00,2019-12-31,23:59:00
obat,Dicynone,,8600,,,238,,,,2019-01-01,00:00:00,2019-12-31,23:59:00
obat,Digoxin (Generik),,200,,,239,,,,2019-01-01,00:00:00,2019-12-31,23:59:00
obat,"Digoxin 0,25mg",,1400,,,240,,,,2019-01-01,00:00:00,2019-12-31,23:59:00
obat,Dismeno,,4100,,,241,,,,2019-01-01,00:00:00,2019-12-31,23:59:00
obat,Domperidon 10mg tab,,600,,,242,,,,2019-01-01,00:00:00,2019-12-31,23:59:00
obat,Domperidone syr,,4600,,,243,,,,2019-01-01,00:00:00,2019-12-31,23:59:00
obat,Dopamed 250mg,,2777,,,244,,,,2019-01-01,00:00:00,2019-12-31,23:59:00
obat,Dormicun,,50000,,,245,,,,2019-01-01,00:00:00,2019-12-31,23:59:00
obat,Doxycycline 500mg,,500,,,246,,,,2019-01-01,00:00:00,2019-12-31,23:59:00
obat,Dulcolax 5mg tab,,1800,,,247,,,,2019-01-01,00:00:00,2019-12-31,23:59:00
obat,Duphaston,,16200,,,248,,,,2019-01-01,00:00:00,2019-12-31,23:59:00
obat,"Duragesik 12,5",,169300,,,249,,,,2019-01-01,00:00:00,2019-12-31,23:59:00
obat,Duragesik 25,,320100,,,250,,,,2019-01-01,00:00:00,2019-12-31,23:59:00
obat,Duvadilan Inj,,38400,,,251,,,,2019-01-01,00:00:00,2019-12-31,23:59:00
obat,Duvadillan tab,,7500,,,252,,,,2019-01-01,00:00:00,2019-12-31,23:59:00
obat,Eazycal,,7500,,,253,,,,2019-01-01,00:00:00,2019-12-31,23:59:00
obat,Edorisan Drop,,63400,,,254,,,,2019-01-01,00:00:00,2019-12-31,23:59:00
sewa alat,EKG,,70000,,,255,,,,2019-01-01,00:00:00,2019-12-31,23:59:00
bmhp,Elektroda,,15000,,,256,,,,2019-01-01,00:00:00,2019-12-31,23:59:00
obat,Elkana CL Syr,,67300,,,257,,,,2019-01-01,00:00:00,2019-12-31,23:59:00
obat,Elkana Syr,,29500,,,258,,,,2019-01-01,00:00:00,2019-12-31,23:59:00
obat,Elkana Tab,,1100,,,259,,,,2019-01-01,00:00:00,2019-12-31,23:59:00
obat,Elox Cream,,52500,,,260,,,,2019-01-01,00:00:00,2019-12-31,23:59:00
obat,Engerix B,,97000,,,261,,,,2019-01-01,00:00:00,2019-12-31,23:59:00
obat,Enzyplex,,1300,,,262,,,,2019-01-01,00:00:00,2019-12-31,23:59:00
obat,Epexol 30mg Tab,,1200,,,263,,,,2019-01-01,00:00:00,2019-12-31,23:59:00
obat,Epexol Drop,,51800,,,264,,,,2019-01-01,00:00:00,2019-12-31,23:59:00
obat,Epexol Syr,,23600,,,265,,,,2019-01-01,00:00:00,2019-12-31,23:59:00
obat,Ephedrin Inj,,74300,,,266,,,,2019-01-01,00:00:00,2019-12-31,23:59:00
obat,Epineprin Inj,,11500,,,267,,,,2019-01-01,00:00:00,2019-12-31,23:59:00
obat,Episan 100mg Syr,,69000,,,268,,,,2019-01-01,00:00:00,2019-12-31,23:59:00
obat,Episan 200mg Syr,,108100,,,269,,,,2019-01-01,00:00:00,2019-12-31,23:59:00
obat,Ericaf 100ml,,8500,,,270,,,,2019-01-01,00:00:00,2019-12-31,23:59:00
obat,Erlamycetine Plus,,12000,,,271,,,,2019-01-01,00:00:00,2019-12-31,23:59:00
obat,Erlamycetine Salep Mata,,8200,,,272,,,,2019-01-01,00:00:00,2019-12-31,23:59:00
obat,Erlamycetine Tetes Mata,,13900,,,273,,,,2019-01-01,00:00:00,2019-12-31,23:59:00
obat,Erlamycetine Tetes Telinga,,8200,,,274,,,,2019-01-01,00:00:00,2019-12-31,23:59:00
obat,Erysanbe 500 ,,3600,,,275,,,,2019-01-01,00:00:00,2019-12-31,23:59:00
obat,Erysanbe Syr,,30300,,,276,,,,2019-01-01,00:00:00,2019-12-31,23:59:00
obat,Ethambutol 500mg,,1000,,,277,,,,2019-01-01,00:00:00,2019-12-31,23:59:00
obat,Euvax (Hepatitis B),,70000,,,278,,,,2019-01-01,00:00:00,2019-12-31,23:59:00
obat,Extention Tube (Anak/Dewasa),,130000,,,279,,,,2019-01-01,00:00:00,2019-12-31,23:59:00
obat,Extention Tube (Bayi),,120000,,,280,,,,2019-01-01,00:00:00,2019-12-31,23:59:00
obat,Factu Supp,,11200,,,281,,,,2019-01-01,00:00:00,2019-12-31,23:59:00
alkes,"Feeding Fube Fr  3,5",,47600,,,282,,,,2019-01-01,00:00:00,2019-12-31,23:59:00
alkes,Feeding Tube Fr  6,,47600,,,283,,,,2019-01-01,00:00:00,2019-12-31,23:59:00
alkes,Feeding Tube Fr  8,,47600,,,284,,,,2019-01-01,00:00:00,2019-12-31,23:59:00
alkes,Feeding Tube Fr 5,,47600,,,285,,,,2019-01-01,00:00:00,2019-12-31,23:59:00
obat,Fentanyl Inj,,65500,,,286,,,,2019-01-01,00:00:00,2019-12-31,23:59:00
obat,Ferlin Drop,,42500,,,287,,,,2019-01-01,00:00:00,2019-12-31,23:59:00
obat,Ferlin Syr,,43500,,,288,,,,2019-01-01,00:00:00,2019-12-31,23:59:00
obat,Ferriz Drop,,44600,,,289,,,,2019-01-01,00:00:00,2019-12-31,23:59:00
obat,Ferriz Syr,,44600,,,290,,,,2019-01-01,00:00:00,2019-12-31,23:59:00
obat,FG Troches,,1500,,,291,,,,2019-01-01,00:00:00,2019-12-31,23:59:00
obat,Fixomul 50cm,,100000,,,292,,,,2019-01-01,00:00:00,2019-12-31,23:59:00
obat,"Flagyl 0,5gr Supp",,28000,,,293,,,,2019-01-01,00:00:00,2019-12-31,23:59:00
obat,Flagyl 1gr Supp,,28000,,,294,,,,2019-01-01,00:00:00,2019-12-31,23:59:00
obat,Flagystatin Supp,,20000,,,295,,,,2019-01-01,00:00:00,2019-12-31,23:59:00
obat,Flamar,,2600,,,296,,,,2019-01-01,00:00:00,2019-12-31,23:59:00
obat,Fleet Enema,,140700,,,297,,,,2019-01-01,00:00:00,2019-12-31,23:59:00
obat,Folavit 1000mg,,300,,,298,,,,2019-01-01,00:00:00,2019-12-31,23:59:00
obat,Folavit 400mg,,1200,,,299,,,,2019-01-01,00:00:00,2019-12-31,23:59:00
obat,Forbetes,,1500,,,300,,,,2019-01-01,00:00:00,2019-12-31,23:59:00
obat,Formyco,,7000,,,301,,,,2019-01-01,00:00:00,2019-12-31,23:59:00
obat,Formyco Cream,,24700,,,302,,,,2019-01-01,00:00:00,2019-12-31,23:59:00
obat,Furosemide 40mg,,200,,,303,,,,2019-01-01,00:00:00,2019-12-31,23:59:00
obat,Furosemide Inj,,2500,,,304,,,,2019-01-01,00:00:00,2019-12-31,23:59:00
obat,Gelang Bayi,,7500,,,305,,,,2019-01-01,00:00:00,2019-12-31,23:59:00
obat,Gelofusal,,236500,,,306,,,,2019-01-01,00:00:00,2019-12-31,23:59:00
obat,Gelofusin ,,119500,,,307,,,,2019-01-01,00:00:00,2019-12-31,23:59:00
obat,Gentamycin Cream,,2900,,,308,,,,2019-01-01,00:00:00,2019-12-31,23:59:00
obat,Gentamycin Inj,,5000,,,309,,,,2019-01-01,00:00:00,2019-12-31,23:59:00
obat,Gevoran Inj,,180000,,,310,,,,2019-01-01,00:00:00,2019-12-31,23:59:00
obat,Glibenclamide ,,200,,,311,,,,2019-01-01,00:00:00,2019-12-31,23:59:00
obat,Glukolos,,3000,,,312,,,,2019-01-01,00:00:00,2019-12-31,23:59:00
obat,Gradilex,,400,,,313,,,,2019-01-01,00:00:00,2019-12-31,23:59:00
obat,Grameta,,400,,,314,,,,2019-01-01,00:00:00,2019-12-31,23:59:00
obat,Gravask 10mg,,900,,,315,,,,2019-01-01,00:00:00,2019-12-31,23:59:00
obat,Gravask 5mg,,400,,,316,,,,2019-01-01,00:00:00,2019-12-31,23:59:00
obat,Griseofulvin 500mg,,200,,,317,,,,2019-01-01,00:00:00,2019-12-31,23:59:00
obat,Haemacel,,200000,,,318,,,,2019-01-01,00:00:00,2019-12-31,23:59:00
obat,"Haloperidol 1,5mg",,150,,,319,,,,2019-01-01,00:00:00,2019-12-31,23:59:00
obat,Halothan,,16000,,,320,,,,2019-01-01,00:00:00,2019-12-31,23:59:00
bmhp,"Handscoon No. 6,5",,12200,,,321,,,,2019-01-01,00:00:00,2019-12-31,23:59:00
bmhp,"Handscoon No.7/7,5",,25000,,,322,,,,2019-01-01,00:00:00,2019-12-31,23:59:00
bmhp,Handscoon Non Steril,,7000,,,323,,,,2019-01-01,00:00:00,2019-12-31,23:59:00
bmhp,Hbsag,,40000,,,324,,,,2019-01-01,00:00:00,2019-12-31,23:59:00
bmhp,Hcg,,14500,,,325,,,,2019-01-01,00:00:00,2019-12-31,23:59:00
obat,Hibicef,,25000,,,326,,,,2019-01-01,00:00:00,2019-12-31,23:59:00
obat,Hibiscrub,,25000,,,327,,,,2019-01-01,00:00:00,2019-12-31,23:59:00
obat,"Hidrocortison 2,5% Salep",,7500,,,328,,,,2019-01-01,00:00:00,2019-12-31,23:59:00
obat,Hifafik,,40000,,,329,,,,2019-01-01,00:00:00,2019-12-31,23:59:00
obat,Hufabion,,300,,,330,,,,2019-01-01,00:00:00,2019-12-31,23:59:00
obat,Hufadon Syr,,5100,,,331,,,,2019-01-01,00:00:00,2019-12-31,23:59:00
obat,Hydrocortisone 1%,,6000,,,332,,,,2019-01-01,00:00:00,2019-12-31,23:59:00
obat,"Hydrocortisone 2,5%",,7500,,,333,,,,2019-01-01,00:00:00,2019-12-31,23:59:00
obat,Hystolan,,6700,,,334,,,,2019-01-01,00:00:00,2019-12-31,23:59:00
obat,Ibuprofen 200mg,,200,,,335,,,,2019-01-01,00:00:00,2019-12-31,23:59:00
obat,Ibuprofen 400mg,,400,,,336,,,,2019-01-01,00:00:00,2019-12-31,23:59:00
obat,Ibuprofen Syr,,5300,,,337,,,,2019-01-01,00:00:00,2019-12-31,23:59:00
obat,Imboost,,4100,,,338,,,,2019-01-01,00:00:00,2019-12-31,23:59:00
obat,Imunos Syr,,77700,,,339,,,,2019-01-01,00:00:00,2019-12-31,23:59:00
obat,Imunos Tab,,10000,,,340,,,,2019-01-01,00:00:00,2019-12-31,23:59:00
obat,Infus NS,,24500,,,341,,,,2019-01-01,00:00:00,2019-12-31,23:59:00
obat,Infuset Mikro,,7000,,,342,,,,2019-01-01,00:00:00,2019-12-31,23:59:00
obat,INH 300mg,,257,,,343,,,,2019-01-01,00:00:00,2019-12-31,23:59:00
obat,INH Ciba 300mg,,800,,,344,,,,2019-01-01,00:00:00,2019-12-31,23:59:00
obat,INH Ciba 400mg,,1200,,,345,,,,2019-01-01,00:00:00,2019-12-31,23:59:00
obat,Interzinc,,82200,,,346,,,,2019-01-01,00:00:00,2019-12-31,23:59:00
obat,ISDN,,200,,,347,,,,2019-01-01,00:00:00,2019-12-31,23:59:00
obat,Ispinol Syr,,114000,,,348,,,,2019-01-01,00:00:00,2019-12-31,23:59:00
obat,Isprinol Tab,,14000,,,349,,,,2019-01-01,00:00:00,2019-12-31,23:59:00
alkes,Jarum Cutgut 3-0,,17900,,,350,,,,2019-01-01,00:00:00,2019-12-31,23:59:00
alkes,Jarum Op. App,,75000,,,351,,,,2019-01-01,00:00:00,2019-12-31,23:59:00
alkes,Jarum Operasi Cutgut 2-0,,100500,,,352,,,,2019-01-01,00:00:00,2019-12-31,23:59:00
alkes,Jarum Plain Cutgut,,17900,,,353,,,,2019-01-01,00:00:00,2019-12-31,23:59:00
alkes,Jarum Silk With Benang 2-0,,17900,,,354,,,,2019-01-01,00:00:00,2019-12-31,23:59:00
obat,Kaen 1B,,36000,,,355,,,,2019-01-01,00:00:00,2019-12-31,23:59:00
obat,Kaen 3A,,25000,,,356,,,,2019-01-01,00:00:00,2019-12-31,23:59:00
obat,Kaen 3B,,60000,,,357,,,,2019-01-01,00:00:00,2019-12-31,23:59:00
obat,Kalmetason Inj,,15000,,,358,,,,2019-01-01,00:00:00,2019-12-31,23:59:00
obat,Kalmicetine Cream,,12500,,,359,,,,2019-01-01,00:00:00,2019-12-31,23:59:00
obat,Kaotin Syr,,5400,,,360,,,,2019-01-01,00:00:00,2019-12-31,23:59:00
bmhp,Kassa,,1000,,,361,,,,2019-01-01,00:00:00,2019-12-31,23:59:00
bmhp,Kassa Gulung,,7500,,,362,,,,2019-01-01,00:00:00,2019-12-31,23:59:00
bmhp,Kassa Kotak,,7500,,,363,,,,2019-01-01,00:00:00,2019-12-31,23:59:00
obat,Katalar,,35000,,,364,,,,2019-01-01,00:00:00,2019-12-31,23:59:00
obat,KCL,,15000,,,365,,,,2019-01-01,00:00:00,2019-12-31,23:59:00
obat,Kelmitedine,,15000,,,366,,,,2019-01-01,00:00:00,2019-12-31,23:59:00
obat,Kenalog Cream,,69700,,,367,,,,2019-01-01,00:00:00,2019-12-31,23:59:00
bmhp,Kertas EKG,,304500,,,368,,,,2019-01-01,00:00:00,2019-12-31,23:59:00
bmhp,Kertas Elektrik,,1100,,,369,,,,2019-01-01,00:00:00,2019-12-31,23:59:00
bmhp,Kertas Puyer,,500,,,370,,,,2019-01-01,00:00:00,2019-12-31,23:59:00
obat,Ketamin 1cc,,17500,,,371,,,,2019-01-01,00:00:00,2019-12-31,23:59:00
obat,Ketokonazole 15gr Cream,,8400,,,372,,,,2019-01-01,00:00:00,2019-12-31,23:59:00
obat,Ketokonazole 2% 10gr Cream,,6000,,,373,,,,2019-01-01,00:00:00,2019-12-31,23:59:00
obat,Ketokonazole 200mg Tab ,,600,,,374,,,,2019-01-01,00:00:00,2019-12-31,23:59:00
obat,Ketokonazole 5mg Cream,,4500,,,375,,,,2019-01-01,00:00:00,2019-12-31,23:59:00
obat,Ketomed Cream,,40500,,,376,,,,2019-01-01,00:00:00,2019-12-31,23:59:00
obat,Ketorolac Inj,,14300,,,377,,,,2019-01-01,00:00:00,2019-12-31,23:59:00
obat,L Zinc syr,,37500,,,378,,,,2019-01-01,00:00:00,2019-12-31,23:59:00
obat,Lactacyd 60ml (Baby) Antis,,27000,,,379,,,,2019-01-01,00:00:00,2019-12-31,23:59:00
obat,Lactacyd 60ml (Pink) Antis,,28000,,,380,,,,2019-01-01,00:00:00,2019-12-31,23:59:00
obat,Lactamed,,4500,,,381,,,,2019-01-01,00:00:00,2019-12-31,23:59:00
obat,Lacto-B,,8200,,,382,,,,2019-01-01,00:00:00,2019-12-31,23:59:00
obat,Lactulax,,65400,,,383,,,,2019-01-01,00:00:00,2019-12-31,23:59:00
obat,Lafalos Cream,,12000,,,384,,,,2019-01-01,00:00:00,2019-12-31,23:59:00
obat,Lafalos Plus ,,18000,,,385,,,,2019-01-01,00:00:00,2019-12-31,23:59:00
obat,Laktamam,,4000,,,386,,,,2019-01-01,00:00:00,2019-12-31,23:59:00
obat,Laminaria,,155500,,,387,,,,2019-01-01,00:00:00,2019-12-31,23:59:00
obat,Lanturol 200,,3000,,,388,,,,2019-01-01,00:00:00,2019-12-31,23:59:00
obat,Lanturol 400,,4700,,,389,,,,2019-01-01,00:00:00,2019-12-31,23:59:00
obat,Lasal 2mg,,1500,,,390,,,,2019-01-01,00:00:00,2019-12-31,23:59:00
obat,Lasgan Capsul,,20800,,,391,,,,2019-01-01,00:00:00,2019-12-31,23:59:00
obat,Lasix,,16500,,,392,,,,2019-01-01,00:00:00,2019-12-31,23:59:00
obat,Lasix 40mg,,5000,,,393,,,,2019-01-01,00:00:00,2019-12-31,23:59:00
obat,Lasix Inj,,19500,,,394,,,,2019-01-01,00:00:00,2019-12-31,23:59:00
obat,Laxadin 60ml Syr,,40000,,,395,,,,2019-01-01,00:00:00,2019-12-31,23:59:00
obat,L-Bio Capsul ,,9400,,,396,,,,2019-01-01,00:00:00,2019-12-31,23:59:00
obat,L-Bio Sachet,,9000,,,397,,,,2019-01-01,00:00:00,2019-12-31,23:59:00
obat,Letonal,,1600,,,398,,,,2019-01-01,00:00:00,2019-12-31,23:59:00
obat,Levofloxacim ,,1600,,,399,,,,2019-01-01,00:00:00,2019-12-31,23:59:00
obat,Lidocain Inj,,2500,,,400,,,,2019-01-01,00:00:00,2019-12-31,23:59:00
obat,Limcomycin 500mg,,900,,,401,,,,2019-01-01,00:00:00,2019-12-31,23:59:00
obat,Lipuro,,120000,,,402,,,,2019-01-01,00:00:00,2019-12-31,23:59:00
obat,Lodia tab,,1300,,,403,,,,2019-01-01,00:00:00,2019-12-31,23:59:00
obat,Lopamid,,400,,,404,,,,2019-01-01,00:00:00,2019-12-31,23:59:00
obat,Loratadine tab,,500,,,405,,,,2019-01-01,00:00:00,2019-12-31,23:59:00
obat,Lumatule,,19900,,,406,,,,2019-01-01,00:00:00,2019-12-31,23:59:00
obat,Luminal Inj,,10000,,,407,,,,2019-01-01,00:00:00,2019-12-31,23:59:00
obat,Lutenyl,,13300,,,408,,,,2019-01-01,00:00:00,2019-12-31,23:59:00
obat,Lynoral,,2000,,,409,,,,2019-01-01,00:00:00,2019-12-31,23:59:00
obat,Marcain vial,,106900,,,410,,,,2019-01-01,00:00:00,2019-12-31,23:59:00
obat,Marcain/ Decain,,100000,,,411,,,,2019-01-01,00:00:00,2019-12-31,23:59:00
bmhp,Masker,,1000,,,412,,,,2019-01-01,00:00:00,2019-12-31,23:59:00
obat,Mefinal 250mg,,700,,,413,,,,2019-01-01,00:00:00,2019-12-31,23:59:00
obat,Mefinal tab,,2000,,,414,,,,2019-01-01,00:00:00,2019-12-31,23:59:00
obat,Megabal,,2000,,,415,,,,2019-01-01,00:00:00,2019-12-31,23:59:00
obat,Megabal,,2100,,,416,,,,2019-01-01,00:00:00,2019-12-31,23:59:00
obat,Meloxicam 15mg,,2600,,,417,,,,2019-01-01,00:00:00,2019-12-31,23:59:00
obat,Meloxicam 7.5mg,,1000,,,418,,,,2019-01-01,00:00:00,2019-12-31,23:59:00
obat,Merformin tab,,400,,,419,,,,2019-01-01,00:00:00,2019-12-31,23:59:00
obat,Merislon,,4100,,,420,,,,2019-01-01,00:00:00,2019-12-31,23:59:00
obat,Mertigo,,3600,,,421,,,,2019-01-01,00:00:00,2019-12-31,23:59:00
obat,Metergin/ Bled Stop,,20000,,,422,,,,2019-01-01,00:00:00,2019-12-31,23:59:00
obat,Methergin,,4500,,,423,,,,2019-01-01,00:00:00,2019-12-31,23:59:00
obat,Methergin /  Bledstop Inj,,20000,,,424,,,,2019-01-01,00:00:00,2019-12-31,23:59:00
obat,Methylprednisolone ,,600,,,425,,,,2019-01-01,00:00:00,2019-12-31,23:59:00
obat,Methylprednisolone Inj,,46000,,,426,,,,2019-01-01,00:00:00,2019-12-31,23:59:00
obat,Metrodinazole 500mg,,400,,,427,,,,2019-01-01,00:00:00,2019-12-31,23:59:00
obat,Metrodinazole infus,,29700,,,428,,,,2019-01-01,00:00:00,2019-12-31,23:59:00
obat,Mezatrin 250mg,,17000,,,429,,,,2019-01-01,00:00:00,2019-12-31,23:59:00
obat,MgSO4,,10000,,,430,,,,2019-01-01,00:00:00,2019-12-31,23:59:00
obat,Miconazole zalf,,4600,,,431,,,,2019-01-01,00:00:00,2019-12-31,23:59:00
obat,Microburet,,150000,,,432,,,,2019-01-01,00:00:00,2019-12-31,23:59:00
obat,Microlac Supp,,25000,,,433,,,,2019-01-01,00:00:00,2019-12-31,23:59:00
obat,Microlax,,25000,,,434,,,,2019-01-01,00:00:00,2019-12-31,23:59:00
bmhp,Micropore 1inc,,20000,,,435,,,,2019-01-01,00:00:00,2019-12-31,23:59:00
bmhp,Micropore Besar,,26000,,,436,,,,2019-01-01,00:00:00,2019-12-31,23:59:00
bmhp,Minyak Telon Konicare 30ml,,14000,,,437,,,,2019-01-01,00:00:00,2019-12-31,23:59:00
bmhp,Minyak Telon Konicare 60ml,,23700,,,438,,,,2019-01-01,00:00:00,2019-12-31,23:59:00
obat,Moloco B12,,4600,,,439,,,,2019-01-01,00:00:00,2019-12-31,23:59:00
obat,Mometasone cream,,27000,,,440,,,,2019-01-01,00:00:00,2019-12-31,23:59:00
obat,Monel drop,,63200,,,441,,,,2019-01-01,00:00:00,2019-12-31,23:59:00
obat,Monitroing,,15000,,,442,,,,2019-01-01,00:00:00,2019-12-31,23:59:00
obat,Muchohexin syrup,,22600,,,443,,,,2019-01-01,00:00:00,2019-12-31,23:59:00
obat,Myco Z cream,,98100,,,444,,,,2019-01-01,00:00:00,2019-12-31,23:59:00
obat,Mycoral Salep,,13000,,,445,,,,2019-01-01,00:00:00,2019-12-31,23:59:00
obat,Mylacid,,500,,,446,,,,2019-01-01,00:00:00,2019-12-31,23:59:00
obat,Nacl,,9600,,,447,,,,2019-01-01,00:00:00,2019-12-31,23:59:00
obat,"Nacl 0,9 100cc",,15000,,,448,,,,2019-01-01,00:00:00,2019-12-31,23:59:00
obat,"Nacl 0,9 500cc",,20200,,,449,,,,2019-01-01,00:00:00,2019-12-31,23:59:00
obat,Nacl 2cc,,5000,,,450,,,,2019-01-01,00:00:00,2019-12-31,23:59:00
obat,Nacl 500 1/5 Ns,,24500,,,451,,,,2019-01-01,00:00:00,2019-12-31,23:59:00
obat,Nalgestan,,1500,,,452,,,,2019-01-01,00:00:00,2019-12-31,23:59:00
obat,Narfoz,,35000,,,453,,,,2019-01-01,00:00:00,2019-12-31,23:59:00
obat,Natrium diclofenac tab,,400,,,454,,,,2019-01-01,00:00:00,2019-12-31,23:59:00
sewa alat,Nebulizer (Tindakan),,35000,,,455,,,,2019-01-01,00:00:00,2019-12-31,23:59:00
alkes,Needle 24 gx 1,,1200,,,456,,,,2019-01-01,00:00:00,2019-12-31,23:59:00
alkes,Needle 25 gx 1,,1200,,,457,,,,2019-01-01,00:00:00,2019-12-31,23:59:00
alkes,Needle 25 gx 5/8,,1200,,,458,,,,2019-01-01,00:00:00,2019-12-31,23:59:00
alkes,Needle 26 gx 1/2,,1200,,,459,,,,2019-01-01,00:00:00,2019-12-31,23:59:00
alkes,Needle 27 gx 1/2,,1200,,,460,,,,2019-01-01,00:00:00,2019-12-31,23:59:00
alkes,Needle 27 gx 1/2,,1200,,,461,,,,2019-01-01,00:00:00,2019-12-31,23:59:00
alkes,Needle No.23,,5000,,,462,,,,2019-01-01,00:00:00,2019-12-31,23:59:00
alkes,Needle No.25,,5000,,,463,,,,2019-01-01,00:00:00,2019-12-31,23:59:00
alkes,Needle No.27,,5000,,,464,,,,2019-01-01,00:00:00,2019-12-31,23:59:00
obat,Neo diaform tab,,400,,,465,,,,2019-01-01,00:00:00,2019-12-31,23:59:00
obat,Neo K inj,,13640,,,466,,,,2019-01-01,00:00:00,2019-12-31,23:59:00
obat,Neo kaolana ,,17100,,,467,,,,2019-01-01,00:00:00,2019-12-31,23:59:00
obat,Neo Kaolana Syr,,17100,,,468,,,,2019-01-01,00:00:00,2019-12-31,23:59:00
obat,Nephrolith,,900,,,469,,,,2019-01-01,00:00:00,2019-12-31,23:59:00
obat,Neuralgi RX,,600,,,470,,,,2019-01-01,00:00:00,2019-12-31,23:59:00
obat,Neurobion,,1500,,,471,,,,2019-01-01,00:00:00,2019-12-31,23:59:00
obat,Neurosanbe ,,1500,,,472,,,,2019-01-01,00:00:00,2019-12-31,23:59:00
obat,Neurosanbe 5000,,3300,,,473,,,,2019-01-01,00:00:00,2019-12-31,23:59:00
obat,Neurosanbe Inj,,7100,,,474,,,,2019-01-01,00:00:00,2019-12-31,23:59:00
obat,Neurosanbe tab,,1600,,,475,,,,2019-01-01,00:00:00,2019-12-31,23:59:00
obat,New Diatab,,800,,,476,,,,2019-01-01,00:00:00,2019-12-31,23:59:00
obat,NGT No.5,,55000,,,477,,,,2019-01-01,00:00:00,2019-12-31,23:59:00
obat,Nifedipin 10mg tab,,300,,,478,,,,2019-01-01,00:00:00,2019-12-31,23:59:00
obat,Niifural Syr,,58000,,,479,,,,2019-01-01,00:00:00,2019-12-31,23:59:00
obat,Non Flamin,,4600,,,480,,,,2019-01-01,00:00:00,2019-12-31,23:59:00
obat,Noprostol Tab ,,14700,,,481,,,,2019-01-01,00:00:00,2019-12-31,23:59:00
obat,Notropil Syr,,105000,,,482,,,,2019-01-01,00:00:00,2019-12-31,23:59:00
obat,Novalgin Inj,,14800,,,483,,,,2019-01-01,00:00:00,2019-12-31,23:59:00
alkes,Nova-T,,316000,,,484,,,,2019-01-01,00:00:00,2019-12-31,23:59:00
obat,Nymico,,39000,,,485,,,,2019-01-01,00:00:00,2019-12-31,23:59:00
obat,Nystatin,,1000,,,486,,,,2019-01-01,00:00:00,2019-12-31,23:59:00
obat,OBH Afiat,,5940,,,487,,,,2019-01-01,00:00:00,2019-12-31,23:59:00
obat,OBH Combi Plus 100ml Syr,,8500,,,488,,,,2019-01-01,00:00:00,2019-12-31,23:59:00
obat,OBH Indo plus,,14500,,,489,,,,2019-01-01,00:00:00,2019-12-31,23:59:00
obat,Ocuson tab,,2000,,,490,,,,2019-01-01,00:00:00,2019-12-31,23:59:00
bmhp,Oksigen 1/2 Liter,,5000,,,491,,,,2019-01-01,00:00:00,2019-12-31,23:59:00
bmhp,Oksigen 1 Liter,,10000,,,492,,,,2019-01-01,00:00:00,2019-12-31,23:59:00
bmhp,Oksigen 2 Liter,,15000,,,493,,,,2019-01-01,00:00:00,2019-12-31,23:59:00
bmhp,Oksigen 3 Liter,,20000,,,494,,,,2019-01-01,00:00:00,2019-12-31,23:59:00
bmhp,Oksigen 4 Liter,,25000,,,495,,,,2019-01-01,00:00:00,2019-12-31,23:59:00
obat,Oksitosin Inj,,11800,,,496,,,,2019-01-01,00:00:00,2019-12-31,23:59:00
obat,Omeprazole inj,,47300,,,497,,,,2019-01-01,00:00:00,2019-12-31,23:59:00
obat,Omeprazole Tab,,600,,,498,,,,2019-01-01,00:00:00,2019-12-31,23:59:00
obat,Omron Nebu,,350000,,,499,,,,2019-01-01,00:00:00,2019-12-31,23:59:00
obat,Ondancentron 4mg inj,,7500,,,500,,,,2019-01-01,00:00:00,2019-12-31,23:59:00
obat,Ondancentron 4mg tab,,2100,,,501,,,,2019-01-01,00:00:00,2019-12-31,23:59:00
obat,Ondancentron 8mg tab,,3500,,,502,,,,2019-01-01,00:00:00,2019-12-31,23:59:00
obat,Onemed,,,,,503,,,,2019-01-01,00:00:00,2019-12-31,23:59:00
obat,Orezinc syr,,47900,,,504,,,,2019-01-01,00:00:00,2019-12-31,23:59:00
obat,Ostolex 15mg,,12000,,,505,,,,2019-01-01,00:00:00,2019-12-31,23:59:00
obat,Otsu D40% 25ml Infus,,6000,,,506,,,,2019-01-01,00:00:00,2019-12-31,23:59:00
obat,Otsu D5% 100 Infus,,15000,,,507,,,,2019-01-01,00:00:00,2019-12-31,23:59:00
obat,Otsu DS Ns,,35700,,,508,,,,2019-01-01,00:00:00,2019-12-31,23:59:00
obat,Otsu KCL 25ml Infus,,20000,,,509,,,,2019-01-01,00:00:00,2019-12-31,23:59:00
obat,Otsu MgSO4 25ml Infus,,15000,,,510,,,,2019-01-01,00:00:00,2019-12-31,23:59:00
obat,Otsu NS 25ml Infus,,10000,,,511,,,,2019-01-01,00:00:00,2019-12-31,23:59:00
obat,papaverin tab,,250,,,512,,,,2019-01-01,00:00:00,2019-12-31,23:59:00
obat,Paracetamol drop,,9300,,,513,,,,2019-01-01,00:00:00,2019-12-31,23:59:00
obat,Paracetamol infus,,66825,,,514,,,,2019-01-01,00:00:00,2019-12-31,23:59:00
obat,Paracetamol Syr,,7000,,,515,,,,2019-01-01,00:00:00,2019-12-31,23:59:00
obat,Paratusin Syr,,28900,,,516,,,,2019-01-01,00:00:00,2019-12-31,23:59:00
obat,Paratusin Tab ,,1200,,,517,,,,2019-01-01,00:00:00,2019-12-31,23:59:00
obat,Pendil,,15000,,,518,,,,2019-01-01,00:00:00,2019-12-31,23:59:00
obat,Penjepit Tali Pusat,,5000,,,519,,,,2019-01-01,00:00:00,2019-12-31,23:59:00
obat,Petidin,,30000,,,520,,,,2019-01-01,00:00:00,2019-12-31,23:59:00
obat,Pharolit,,2025,,,521,,,,2019-01-01,00:00:00,2019-12-31,23:59:00
obat,Phenobarbital Inj,,3000,,,522,,,,2019-01-01,00:00:00,2019-12-31,23:59:00
obat,Phental Inj,,11500,,,523,,,,2019-01-01,00:00:00,2019-12-31,23:59:00
obat,Phenytoin,,65500,,,524,,,,2019-01-01,00:00:00,2019-12-31,23:59:00
obat,Phytomenadion Inj,,2500,,,525,,,,2019-01-01,00:00:00,2019-12-31,23:59:00
obat,Pil KB Andalan,,15500,,,526,,,,2019-01-01,00:00:00,2019-12-31,23:59:00
obat,Pil Laktsi,,8000,,,527,,,,2019-01-01,00:00:00,2019-12-31,23:59:00
obat,Piptal,,149000,,,528,,,,2019-01-01,00:00:00,2019-12-31,23:59:00
obat,Piracetam Inj,,25000,,,529,,,,2019-01-01,00:00:00,2019-12-31,23:59:00
obat,Piroxicam 10mg Tab ,,300,,,530,,,,2019-01-01,00:00:00,2019-12-31,23:59:00
obat,Piroxicam 20mg Tab,,300,,,531,,,,2019-01-01,00:00:00,2019-12-31,23:59:00
obat,Pisau/ Bisturi,,25000,,,532,,,,2019-01-01,00:00:00,2019-12-31,23:59:00
obat,Plasminex,,3800,,,533,,,,2019-01-01,00:00:00,2019-12-31,23:59:00
obat,Plasminex Inj,,17200,,,534,,,,2019-01-01,00:00:00,2019-12-31,23:59:00
obat,Poledemisin Tetes Mata,,29800,,,535,,,,2019-01-01,00:00:00,2019-12-31,23:59:00
alkes,Poli catetr no 12,,27500,,,536,,,,2019-01-01,00:00:00,2019-12-31,23:59:00
alkes,Poli catetr no 14,,11100,,,537,,,,2019-01-01,00:00:00,2019-12-31,23:59:00
alkes,Poli catetr no 22,,27500,,,538,,,,2019-01-01,00:00:00,2019-12-31,23:59:00
alkes,Poli catetr no 24,,27500,,,539,,,,2019-01-01,00:00:00,2019-12-31,23:59:00
alkes,Poli catetr no 6,,11100,,,540,,,,2019-01-01,00:00:00,2019-12-31,23:59:00
alkes,Poli catetr no 8,,27500,,,541,,,,2019-01-01,00:00:00,2019-12-31,23:59:00
obat,Polisorb,,150000,,,542,,,,2019-01-01,00:00:00,2019-12-31,23:59:00
obat,Pospargin,,33000,,,543,,,,2019-01-01,00:00:00,2019-12-31,23:59:00
obat,Preabor,,4800,,,544,,,,2019-01-01,00:00:00,2019-12-31,23:59:00
obat,Prednison 5mg Tab,,300,,,545,,,,2019-01-01,00:00:00,2019-12-31,23:59:00
obat,Premaston Tab,,5700,,,546,,,,2019-01-01,00:00:00,2019-12-31,23:59:00
obat,Prenamia,,1600,,,547,,,,2019-01-01,00:00:00,2019-12-31,23:59:00
obat,Prenase,,400,,,548,,,,2019-01-01,00:00:00,2019-12-31,23:59:00
obat,Prevenar,,850000,,,549,,,,2019-01-01,00:00:00,2019-12-31,23:59:00
obat,Primolut N,,7000,,,550,,,,2019-01-01,00:00:00,2019-12-31,23:59:00
obat,Primperan Inj,,14700,,,551,,,,2019-01-01,00:00:00,2019-12-31,23:59:00
bmhp,Print Kertas USG,,220000,,,552,,,,2019-01-01,00:00:00,2019-12-31,23:59:00
obat,Priobiostim Caps,,12000,,,553,,,,2019-01-01,00:00:00,2019-12-31,23:59:00
obat,Proanes 20mg,,108600,,,554,,,,2019-01-01,00:00:00,2019-12-31,23:59:00
obat,Probio C Inj ,,50000,,,555,,,,2019-01-01,00:00:00,2019-12-31,23:59:00
obat,Probiokit Sachet,,17200,,,556,,,,2019-01-01,00:00:00,2019-12-31,23:59:00
obat,Procalma,,5200,,,557,,,,2019-01-01,00:00:00,2019-12-31,23:59:00
obat,Profentil ,,21000,,,558,,,,2019-01-01,00:00:00,2019-12-31,23:59:00
obat,Profofol/ Recofol/ Safol,,120000,,,559,,,,2019-01-01,00:00:00,2019-12-31,23:59:00
obat,Progynova 2mg,,6000,,,560,,,,2019-01-01,00:00:00,2019-12-31,23:59:00
obat,Prohelic,,7600,,,561,,,,2019-01-01,00:00:00,2019-12-31,23:59:00
obat,Prolic 300mg,,10000,,,562,,,,2019-01-01,00:00:00,2019-12-31,23:59:00
obat,Promavit,,4900,,,563,,,,2019-01-01,00:00:00,2019-12-31,23:59:00
obat,Promuba Syr,,59700,,,564,,,,2019-01-01,00:00:00,2019-12-31,23:59:00
obat,Propanolol 40mg,,200,,,565,,,,2019-01-01,00:00:00,2019-12-31,23:59:00
obat,Propanolon 10mg,,100,,,566,,,,2019-01-01,00:00:00,2019-12-31,23:59:00
obat,Propenid Supp,,18000,,,567,,,,2019-01-01,00:00:00,2019-12-31,23:59:00
obat,Propyretic  Supp,,11900,,,568,,,,2019-01-01,00:00:00,2019-12-31,23:59:00
obat,Proris 125mg Supp,,7000,,,569,,,,2019-01-01,00:00:00,2019-12-31,23:59:00
obat,Proris 200mg,,1400,,,570,,,,2019-01-01,00:00:00,2019-12-31,23:59:00
obat,Proris Supp,,7000,,,571,,,,2019-01-01,00:00:00,2019-12-31,23:59:00
obat,Proterin Inj,,19300,,,572,,,,2019-01-01,00:00:00,2019-12-31,23:59:00
obat,Provera 10mg,,13000,,,573,,,,2019-01-01,00:00:00,2019-12-31,23:59:00
obat,PTU,,500,,,574,,,,2019-01-01,00:00:00,2019-12-31,23:59:00
obat,Pulmicort Inj,,23000,,,575,,,,2019-01-01,00:00:00,2019-12-31,23:59:00
obat,Pumpitor 20mg,,18700,,,576,,,,2019-01-01,00:00:00,2019-12-31,23:59:00
obat,Pumpitor Inj,,201700,,,577,,,,2019-01-01,00:00:00,2019-12-31,23:59:00
obat,Pyrazinamide ,,400,,,578,,,,2019-01-01,00:00:00,2019-12-31,23:59:00
obat,Ramabion,,250,,,579,,,,2019-01-01,00:00:00,2019-12-31,23:59:00
obat,Ranitidin Inj,,3500,,,580,,,,2019-01-01,00:00:00,2019-12-31,23:59:00
obat,Ranitidin Tab ,,350,,,581,,,,2019-01-01,00:00:00,2019-12-31,23:59:00
obat,Ranivel Inj,,104000,,,582,,,,2019-01-01,00:00:00,2019-12-31,23:59:00
obat,Ranivel Syr,,78000,,,583,,,,2019-01-01,00:00:00,2019-12-31,23:59:00
obat,Renalyte,,21000,,,584,,,,2019-01-01,00:00:00,2019-12-31,23:59:00
obat,Rifampicin 300mg,,1200,,,585,,,,2019-01-01,00:00:00,2019-12-31,23:59:00
obat,Rifampicin 450mg,,2000,,,586,,,,2019-01-01,00:00:00,2019-12-31,23:59:00
obat,Rifampicin 600mg,,4100,,,587,,,,2019-01-01,00:00:00,2019-12-31,23:59:00
obat,Ring AS,,37500,,,588,,,,2019-01-01,00:00:00,2019-12-31,23:59:00
obat,Rivanol 100ml Antis,,7000,,,589,,,,2019-01-01,00:00:00,2019-12-31,23:59:00
obat,RL,,45000,,,590,,,,2019-01-01,00:00:00,2019-12-31,23:59:00
obat,Rotarix,,316500,,,591,,,,2019-01-01,00:00:00,2019-12-31,23:59:00
obat,Rotavirus,,472500,,,592,,,,2019-01-01,00:00:00,2019-12-31,23:59:00
obat,SA,,20000,,,593,,,,2019-01-01,00:00:00,2019-12-31,23:59:00
obat,Sagestam Cream,,17500,,,594,,,,2019-01-01,00:00:00,2019-12-31,23:59:00
obat,Sagestam Eye Drop,,39600,,,595,,,,2019-01-01,00:00:00,2019-12-31,23:59:00
obat,Sagestam Inj,,13100,,,596,,,,2019-01-01,00:00:00,2019-12-31,23:59:00
obat,Sagestam Ointment Cream,,26600,,,597,,,,2019-01-01,00:00:00,2019-12-31,23:59:00
obat,Salbutamol 2mg,,200,,,598,,,,2019-01-01,00:00:00,2019-12-31,23:59:00
obat,Salbutamol 4mg,,200,,,599,,,,2019-01-01,00:00:00,2019-12-31,23:59:00
obat,Salisil Talk,,7800,,,600,,,,2019-01-01,00:00:00,2019-12-31,23:59:00
obat,Salisil Talk Sachet (BPJS),,2000,,,601,,,,2019-01-01,00:00:00,2019-12-31,23:59:00
obat,Sanadryl DMP 120ml Syr,,24948,,,602,,,,2019-01-01,00:00:00,2019-12-31,23:59:00
obat,Sanadryl DMP 60ml Syr,,14500,,,603,,,,2019-01-01,00:00:00,2019-12-31,23:59:00
obat,Sanadryl Expectorabt 120ml Syr,,20100,,,604,,,,2019-01-01,00:00:00,2019-12-31,23:59:00
obat,Sanadryl Expectorant 60ml Syr,,13900,,,605,,,,2019-01-01,00:00:00,2019-12-31,23:59:00
obat,Sanbe Flex,,23200,,,606,,,,2019-01-01,00:00:00,2019-12-31,23:59:00
obat,Sanbe Hest 130 Infus,,244000,,,607,,,,2019-01-01,00:00:00,2019-12-31,23:59:00
obat,Sanbe Kid Syr,,48900,,,608,,,,2019-01-01,00:00:00,2019-12-31,23:59:00
obat,Sanexon 4mg,,3200,,,609,,,,2019-01-01,00:00:00,2019-12-31,23:59:00
obat,Sanfuro Syr,,50000,,,610,,,,2019-01-01,00:00:00,2019-12-31,23:59:00
obat,Sangobion Caps,,1400,,,611,,,,2019-01-01,00:00:00,2019-12-31,23:59:00
obat,Sankorbin Inj,,33000,,,612,,,,2019-01-01,00:00:00,2019-12-31,23:59:00
obat,Sanmag Syr,,34500,,,613,,,,2019-01-01,00:00:00,2019-12-31,23:59:00
obat,Sanmetidine,,2000,,,614,,,,2019-01-01,00:00:00,2019-12-31,23:59:00
obat,Sanmol Drip,,84100,,,615,,,,2019-01-01,00:00:00,2019-12-31,23:59:00
obat,Sanmol Drop,,22500,,,616,,,,2019-01-01,00:00:00,2019-12-31,23:59:00
obat,Sanmol Forte Syr,,35200,,,617,,,,2019-01-01,00:00:00,2019-12-31,23:59:00
obat,Sanmol Syrup,,16000,,,618,,,,2019-01-01,00:00:00,2019-12-31,23:59:00
obat,Sanmol Tab ,,400,,,619,,,,2019-01-01,00:00:00,2019-12-31,23:59:00
obat,Sanpicilin Inj,,21600,,,620,,,,2019-01-01,00:00:00,2019-12-31,23:59:00
obat,Sanprima 500mg,,1200,,,621,,,,2019-01-01,00:00:00,2019-12-31,23:59:00
obat,Sanprima Forte,,2800,,,622,,,,2019-01-01,00:00:00,2019-12-31,23:59:00
obat,Sanprima Syr,,35100,,,623,,,,2019-01-01,00:00:00,2019-12-31,23:59:00
obat,Sansulin-R,,176500,,,624,,,,2019-01-01,00:00:00,2019-12-31,23:59:00
obat,Santa E ,,2800,,,625,,,,2019-01-01,00:00:00,2019-12-31,23:59:00
obat,Santagesik Inj,,11500,,,626,,,,2019-01-01,00:00:00,2019-12-31,23:59:00
obat,Santibi 500mg,,1200,,,627,,,,2019-01-01,00:00:00,2019-12-31,23:59:00
obat,Santibi Plus,,700,,,628,,,,2019-01-01,00:00:00,2019-12-31,23:59:00
obat,Santocyn,,16300,,,629,,,,2019-01-01,00:00:00,2019-12-31,23:59:00
obat,Sanvita B Syr,,16500,,,630,,,,2019-01-01,00:00:00,2019-12-31,23:59:00
bmhp,Sarung Tangan Steril  6 1/2,,7500,,,631,,,,2019-01-01,00:00:00,2019-12-31,23:59:00
bmhp,Sarung Tangan Steril 7 ,,7500,,,632,,,,2019-01-01,00:00:00,2019-12-31,23:59:00
bmhp,Sarung Tangan Steril 7 1/2,,7500,,,633,,,,2019-01-01,00:00:00,2019-12-31,23:59:00
bmhp,Sarung Tangan Steril 8,,7500,,,634,,,,2019-01-01,00:00:00,2019-12-31,23:59:00
obat,Scobimite Cream,,57000,,,635,,,,2019-01-01,00:00:00,2019-12-31,23:59:00
obat,Scopamin Inj,,15800,,,636,,,,2019-01-01,00:00:00,2019-12-31,23:59:00
obat,Sedacum Inj,,15800,,,637,,,,2019-01-01,00:00:00,2019-12-31,23:59:00
alkes,Selang Nebu Anak,,37500,,,638,,,,2019-01-01,00:00:00,2019-12-31,23:59:00
alkes,Selang Nebu Dewasa,,46900,,,639,,,,2019-01-01,00:00:00,2019-12-31,23:59:00
alkes,Selang O2,,30000,,,640,,,,2019-01-01,00:00:00,2019-12-31,23:59:00
alkes,Selang Oxigen Anak,,12500,,,641,,,,2019-01-01,00:00:00,2019-12-31,23:59:00
alkes,Selang Oxigen Dewasa,,20200,,,642,,,,2019-01-01,00:00:00,2019-12-31,23:59:00
obat,Sequest,,27900,,,643,,,,2019-01-01,00:00:00,2019-12-31,23:59:00
obat,Setmacro / Setmicro,,35000,,,644,,,,2019-01-01,00:00:00,2019-12-31,23:59:00
obat,Setmacro Terumo,,70000,,,645,,,,2019-01-01,00:00:00,2019-12-31,23:59:00
obat,Siclidon 100mg,,7100,,,646,,,,2019-01-01,00:00:00,2019-12-31,23:59:00
obat,Silex Syr,,64300,,,647,,,,2019-01-01,00:00:00,2019-12-31,23:59:00
obat,Silk 2/0,,95000,,,648,,,,2019-01-01,00:00:00,2019-12-31,23:59:00
obat,Simvastatin 10mg,,700,,,649,,,,2019-01-01,00:00:00,2019-12-31,23:59:00
obat,Sirplus,,18500,,,650,,,,2019-01-01,00:00:00,2019-12-31,23:59:00
obat,Smarc Z,,2000,,,651,,,,2019-01-01,00:00:00,2019-12-31,23:59:00
obat,Smecta ,,5000,,,652,,,,2019-01-01,00:00:00,2019-12-31,23:59:00
obat,Softex,,5000,,,653,,,,2019-01-01,00:00:00,2019-12-31,23:59:00
obat,Spalk ,,25000,,,654,,,,2019-01-01,00:00:00,2019-12-31,23:59:00
obat,Spasminal,,900,,,655,,,,2019-01-01,00:00:00,2019-12-31,23:59:00
obat,Spinefrin (Adrenalin) Inj,,13000,,,656,,,,2019-01-01,00:00:00,2019-12-31,23:59:00
obat,Spinocam,,65000,,,657,,,,2019-01-01,00:00:00,2019-12-31,23:59:00
obat,Spiocain 25,,37500,,,658,,,,2019-01-01,00:00:00,2019-12-31,23:59:00
obat,Sporetic Syr,,115000,,,659,,,,2019-01-01,00:00:00,2019-12-31,23:59:00
alkes,Spuit 10cc,,30000,,,660,,,,2019-01-01,00:00:00,2019-12-31,23:59:00
alkes,Spuit 1cc,,10000,,,661,,,,2019-01-01,00:00:00,2019-12-31,23:59:00
alkes,Spuit 20cc,,15000,,,662,,,,2019-01-01,00:00:00,2019-12-31,23:59:00
alkes,Spuit 3cc,,25000,,,663,,,,2019-01-01,00:00:00,2019-12-31,23:59:00
alkes,Spuit 50cc,,25800,,,664,,,,2019-01-01,00:00:00,2019-12-31,23:59:00
alkes,Spuit 5cc,,20000,,,665,,,,2019-01-01,00:00:00,2019-12-31,23:59:00
alkes,Spuit Insulin,,30000,,,666,,,,2019-01-01,00:00:00,2019-12-31,23:59:00
alkes,Spuit Tb,,1600,,,667,,,,2019-01-01,00:00:00,2019-12-31,23:59:00
obat,Starxon 1gr,,250000,,,668,,,,2019-01-01,00:00:00,2019-12-31,23:59:00
obat,Steptomycin,,7000,,,669,,,,2019-01-01,00:00:00,2019-12-31,23:59:00
obat,Stesolid 10mg Supp,,53000,,,670,,,,2019-01-01,00:00:00,2019-12-31,23:59:00
obat,Stesolid 5mg Supp,,35300,,,671,,,,2019-01-01,00:00:00,2019-12-31,23:59:00
obat,Stesolid 5mg Tab,,2100,,,672,,,,2019-01-01,00:00:00,2019-12-31,23:59:00
obat,Stesolid Syr,,55800,,,673,,,,2019-01-01,00:00:00,2019-12-31,23:59:00
obat,Stetoscope,,49000,,,674,,,,2019-01-01,00:00:00,2019-12-31,23:59:00
obat,Stocain P,,2000,,,675,,,,2019-01-01,00:00:00,2019-12-31,23:59:00
obat,Stolak Supp,,9300,,,676,,,,2019-01-01,00:00:00,2019-12-31,23:59:00
obat,Strip AU,,100100,,,677,,,,2019-01-01,00:00:00,2019-12-31,23:59:00
obat,Strip Cholestrol,,217350,,,678,,,,2019-01-01,00:00:00,2019-12-31,23:59:00
obat,Stugeron 25mg,,4000,,,679,,,,2019-01-01,00:00:00,2019-12-31,23:59:00
obat,Sucralfate Syr,,16500,,,680,,,,2019-01-01,00:00:00,2019-12-31,23:59:00
alkes,Suction Cateter No. 12,,30000,,,681,,,,2019-01-01,00:00:00,2019-12-31,23:59:00
alkes,Suction Cateter No. 8,,25000,,,682,,,,2019-01-01,00:00:00,2019-12-31,23:59:00
obat,Sufratule/ Lumatule,,35000,,,683,,,,2019-01-01,00:00:00,2019-12-31,23:59:00
obat,Sungkup Nebu,,50000,,,684,,,,2019-01-01,00:00:00,2019-12-31,23:59:00
bmhp,Susu Bebelove,,55000,,,685,,,,2019-01-01,00:00:00,2019-12-31,23:59:00
bmhp,Susu Frisian Baby,,26000,,,686,,,,2019-01-01,00:00:00,2019-12-31,23:59:00
bmhp,Susu Lactogen,,16000,,,687,,,,2019-01-01,00:00:00,2019-12-31,23:59:00
bmhp,Susu Pre-Non,,95000,,,688,,,,2019-01-01,00:00:00,2019-12-31,23:59:00
bmhp,Susu SGM PHPro,,45000,,,689,,,,2019-01-01,00:00:00,2019-12-31,23:59:00
obat,Synflorix,,616500,,,690,,,,2019-01-01,00:00:00,2019-12-31,23:59:00
obat,Syntocinon / Santosin Inj,,20000,,,691,,,,2019-01-01,00:00:00,2019-12-31,23:59:00
bmhp,Tabung EDTA,,5000,,,692,,,,2019-01-01,00:00:00,2019-12-31,23:59:00
bmhp,Tabung Kimia,,5000,,,693,,,,2019-01-01,00:00:00,2019-12-31,23:59:00
bmhp,Tampon Vagina,,10000,,,694,,,,2019-01-01,00:00:00,2019-12-31,23:59:00
obat,"Taxegram 0,5gr Inj",,100300,,,695,,,,2019-01-01,00:00:00,2019-12-31,23:59:00
obat,Taxegram 1gr Inj,,192000,,,696,,,,2019-01-01,00:00:00,2019-12-31,23:59:00
obat,TB Vit 6,,1100,,,697,,,,2019-01-01,00:00:00,2019-12-31,23:59:00
obat,Tegaderm Besar,,100000,,,698,,,,2019-01-01,00:00:00,2019-12-31,23:59:00
obat,Tegaderm Kecil,,50000,,,699,,,,2019-01-01,00:00:00,2019-12-31,23:59:00
obat,Tensivask 5mg,,7800,,,700,,,,2019-01-01,00:00:00,2019-12-31,23:59:00
obat,Teosal,,300,,,701,,,,2019-01-01,00:00:00,2019-12-31,23:59:00
obat,Terfacef Inj,,290800,,,702,,,,2019-01-01,00:00:00,2019-12-31,23:59:00
obat,Termometer,,35000,,,703,,,,2019-01-01,00:00:00,2019-12-31,23:59:00
obat,Thiamphenocol 500mg,,1400,,,704,,,,2019-01-01,00:00:00,2019-12-31,23:59:00
obat,Thiamycin 125mg/5ml Syr,,40000,,,705,,,,2019-01-01,00:00:00,2019-12-31,23:59:00
obat,Thiamycin 500mg,,4900,,,706,,,,2019-01-01,00:00:00,2019-12-31,23:59:00
obat,Thiamycin Forte 250mg/5ml Syr,,67000,,,707,,,,2019-01-01,00:00:00,2019-12-31,23:59:00
obat,Thombofob Salep,,75000,,,708,,,,2019-01-01,00:00:00,2019-12-31,23:59:00
obat,Three Way,,40000,,,709,,,,2019-01-01,00:00:00,2019-12-31,23:59:00
obat,Thypim,,225000,,,710,,,,2019-01-01,00:00:00,2019-12-31,23:59:00
obat,Tradosik 50mg,,4700,,,711,,,,2019-01-01,00:00:00,2019-12-31,23:59:00
obat,Tradosik Inj,,20000,,,712,,,,2019-01-01,00:00:00,2019-12-31,23:59:00
obat,Tramadol 100mg Inj,,8700,,,713,,,,2019-01-01,00:00:00,2019-12-31,23:59:00
obat,Tramadol 50mg Tab,,500,,,714,,,,2019-01-01,00:00:00,2019-12-31,23:59:00
obat,Tramal 100 Inj,,40000,,,715,,,,2019-01-01,00:00:00,2019-12-31,23:59:00
obat,Tramal 100mg Supp,,22500,,,716,,,,2019-01-01,00:00:00,2019-12-31,23:59:00
obat,Tramal 50mg Inj,,28000,,,717,,,,2019-01-01,00:00:00,2019-12-31,23:59:00
obat,Tramal Supp,,22300,,,718,,,,2019-01-01,00:00:00,2019-12-31,23:59:00
obat,Transamin 250mg,,2000,,,719,,,,2019-01-01,00:00:00,2019-12-31,23:59:00
obat,Transamin 500mg,,3600,,,720,,,,2019-01-01,00:00:00,2019-12-31,23:59:00
obat,Transamin Inj,,12000,,,721,,,,2019-01-01,00:00:00,2019-12-31,23:59:00
obat,Transfusi Darah (PRC),,450000,,,722,,,,2019-01-01,00:00:00,2019-12-31,23:59:00
obat,Transpulmin BB Salep,,36000,,,723,,,,2019-01-01,00:00:00,2019-12-31,23:59:00
obat,Tremenza Syr,,22000,,,724,,,,2019-01-01,00:00:00,2019-12-31,23:59:00
obat,Tremenza Tab ,,1900,,,725,,,,2019-01-01,00:00:00,2019-12-31,23:59:00
obat,Tribestan ,,14500,,,726,,,,2019-01-01,00:00:00,2019-12-31,23:59:00
obat,Trichodazole 500mg,,2300,,,727,,,,2019-01-01,00:00:00,2019-12-31,23:59:00
obat,Trichodazole Infus,,109000,,,728,,,,2019-01-01,00:00:00,2019-12-31,23:59:00
obat,Trichodazole Plus Supp,,17600,,,729,,,,2019-01-01,00:00:00,2019-12-31,23:59:00
obat,Trifed,,1700,,,730,,,,2019-01-01,00:00:00,2019-12-31,23:59:00
obat,Trifed Syr,,27500,,,731,,,,2019-01-01,00:00:00,2019-12-31,23:59:00
obat,Trilac 4mg,,5200,,,732,,,,2019-01-01,00:00:00,2019-12-31,23:59:00
obat,Trimovax (mmr),,115000,,,733,,,,2019-01-01,00:00:00,2019-12-31,23:59:00
obat,Tripanzym,,1500,,,734,,,,2019-01-01,00:00:00,2019-12-31,23:59:00
obat,Trombopop,,70200,,,735,,,,2019-01-01,00:00:00,2019-12-31,23:59:00
obat,Trovensis 8mg Tab,,24000,,,736,,,,2019-01-01,00:00:00,2019-12-31,23:59:00
obat,Trovensis Inj,,46600,,,737,,,,2019-01-01,00:00:00,2019-12-31,23:59:00
obat,"TT 0,5 Inj ",,25000,,,738,,,,2019-01-01,00:00:00,2019-12-31,23:59:00
obat,Tuzalos,,1200,,,739,,,,2019-01-01,00:00:00,2019-12-31,23:59:00
obat,Typherix,,135000,,,740,,,,2019-01-01,00:00:00,2019-12-31,23:59:00
obat,Ulcumaag,,2100,,,741,,,,2019-01-01,00:00:00,2019-12-31,23:59:00
obat,Ulsafate,,2500,,,742,,,,2019-01-01,00:00:00,2019-12-31,23:59:00
obat,Ulsikur Inj,,10500,,,743,,,,2019-01-01,00:00:00,2019-12-31,23:59:00
obat,Ultraproct N,,21500,,,744,,,,2019-01-01,00:00:00,2019-12-31,23:59:00
obat,Ultraproct N Cream ,,12000,,,745,,,,2019-01-01,00:00:00,2019-12-31,23:59:00
obat,Ultraproct N Supp,,20800,,,746,,,,2019-01-01,00:00:00,2019-12-31,23:59:00
obat,Unalium 5mg,,6000,,,747,,,,2019-01-01,00:00:00,2019-12-31,23:59:00
obat,Underpad,,6800,,,748,,,,2019-01-01,00:00:00,2019-12-31,23:59:00
obat,Uniject,,55000,,,749,,,,2019-01-01,00:00:00,2019-12-31,23:59:00
obat,Univit,,4500,,,750,,,,2019-01-01,00:00:00,2019-12-31,23:59:00
obat,Urdafalk 250mg,,14100,,,751,,,,2019-01-01,00:00:00,2019-12-31,23:59:00
obat,Urine Bag,,30000,,,752,,,,2019-01-01,00:00:00,2019-12-31,23:59:00
obat,Urine Glukosa,,188800,,,753,,,,2019-01-01,00:00:00,2019-12-31,23:59:00
obat,Urotracin Caps,,4300,,,754,,,,2019-01-01,00:00:00,2019-12-31,23:59:00
obat,Utrogestan 200mg,,31900,,,755,,,,2019-01-01,00:00:00,2019-12-31,23:59:00
obat,Valisanbe 2mg Tab,,1000,,,756,,,,2019-01-01,00:00:00,2019-12-31,23:59:00
obat,Valisanbe 5mg Inj,,19500,,,757,,,,2019-01-01,00:00:00,2019-12-31,23:59:00
obat,Valisanbe 5mg Tab ,,1000,,,758,,,,2019-01-01,00:00:00,2019-12-31,23:59:00
obat,Valporic Acid,,62500,,,759,,,,2019-01-01,00:00:00,2019-12-31,23:59:00
obat,Varilix,,520000,,,760,,,,2019-01-01,00:00:00,2019-12-31,23:59:00
obat,Vasofik 18/20/22/24,,18700,,,761,,,,2019-01-01,00:00:00,2019-12-31,23:59:00
obat,Vaxigrip,,198200,,,762,,,,2019-01-01,00:00:00,2019-12-31,23:59:00
obat,Vectrine Syr,,47000,,,763,,,,2019-01-01,00:00:00,2019-12-31,23:59:00
obat,Vellepsy Syr,,111400,,,764,,,,2019-01-01,00:00:00,2019-12-31,23:59:00
obat,Velutine,,10400,,,765,,,,2019-01-01,00:00:00,2019-12-31,23:59:00
obat,Venaron,,3900,,,766,,,,2019-01-01,00:00:00,2019-12-31,23:59:00
alkes,Venflont No. 18/20/24,,30000,,,767,,,,2019-01-01,00:00:00,2019-12-31,23:59:00
alkes,Venflont No. 22,,18200,,,768,,,,2019-01-01,00:00:00,2019-12-31,23:59:00
alkes,Venflont No. 26,,40000,,,769,,,,2019-01-01,00:00:00,2019-12-31,23:59:00
alkes,Venflont No. 36,,39600,,,770,,,,2019-01-01,00:00:00,2019-12-31,23:59:00
obat,Ventolin Inj,,12800,,,771,,,,2019-01-01,00:00:00,2019-12-31,23:59:00
obat,Vertigosan 6mg,,3700,,,772,,,,2019-01-01,00:00:00,2019-12-31,23:59:00
obat,Vibrion,,8500,,,773,,,,2019-01-01,00:00:00,2019-12-31,23:59:00
obat,Vit. A,,600,,,774,,,,2019-01-01,00:00:00,2019-12-31,23:59:00
obat,Vit. B 6,,200,,,775,,,,2019-01-01,00:00:00,2019-12-31,23:59:00
obat,Vit. B Complex ,,200,,,776,,,,2019-01-01,00:00:00,2019-12-31,23:59:00
obat,Vit. C,,200,,,777,,,,2019-01-01,00:00:00,2019-12-31,23:59:00
obat,Vit. K Infant,,20000,,,778,,,,2019-01-01,00:00:00,2019-12-31,23:59:00
obat,Vitazym,,1200,,,779,,,,2019-01-01,00:00:00,2019-12-31,23:59:00
obat,Vitomil AF,,1000,,,780,,,,2019-01-01,00:00:00,2019-12-31,23:59:00
obat,Vitraproct  N Supp,,20800,,,781,,,,2019-01-01,00:00:00,2019-12-31,23:59:00
obat,Voltadex 50mg,,700,,,782,,,,2019-01-01,00:00:00,2019-12-31,23:59:00
obat,Voltaren,,37000,,,783,,,,2019-01-01,00:00:00,2019-12-31,23:59:00
obat,Vometa FT,,5000,,,784,,,,2019-01-01,00:00:00,2019-12-31,23:59:00
obat,Vosedon 10mg Tab,,3200,,,785,,,,2019-01-01,00:00:00,2019-12-31,23:59:00
obat,Vosedon Syr,,40100,,,786,,,,2019-01-01,00:00:00,2019-12-31,23:59:00
obat,W. Care DC,,64700,,,787,,,,2019-01-01,00:00:00,2019-12-31,23:59:00
obat,Wiacid,,40000,,,788,,,,2019-01-01,00:00:00,2019-12-31,23:59:00
obat,Xepalium 5mg,,5000,,,789,,,,2019-01-01,00:00:00,2019-12-31,23:59:00
obat,Zamel Drop,,44600,,,790,,,,2019-01-01,00:00:00,2019-12-31,23:59:00
obat,Zamel Syr,,49000,,,791,,,,2019-01-01,00:00:00,2019-12-31,23:59:00
obat,Zibromax Syr,,152000,,,792,,,,2019-01-01,00:00:00,2019-12-31,23:59:00
obat,Zibromax Tab,,54000,,,793,,,,2019-01-01,00:00:00,2019-12-31,23:59:00
obat,Zinc Pro 20mg,,1600,,,794,,,,2019-01-01,00:00:00,2019-12-31,23:59:00
obat,Zinc Syr,,10000,,,795,,,,2019-01-01,00:00:00,2019-12-31,23:59:00
obat,Zinc Tab,,700,,,796,,,,2019-01-01,00:00:00,2019-12-31,23:59:00
obat,Zinkid Syr,,37400,,,797,,,,2019-01-01,00:00:00,2019-12-31,23:59:00
obat,Zyfort Inj,,8500,,,798,,,,2019-01-01,00:00:00,2019-12-31,23:59:00
